{
  "features": [
    "age",
    "bmi",
    "blood_pressure",
    "cholesterol",
    "glucose",
    "sleep_hours",
    "gender",
    "smoking",
    "alcohol",
    "heart_disease",
    "diabetes",
    "stroke",
    "exercise_level",
    "stress_level"
  ],
  "metrics": {
    "r2": 0.7646888631983793,
    "mae": 2.006891501093382
  },
  "n_samples": 5000,
  "trained_at": "2026-04-25T12:40:29.280670",
  "importances": {
    "bmi": 0.36892265772337,
    "cholesterol": 0.2538066160841288,
    "glucose": 0.23473014149265567,
    "alcohol": 0.12116636947274148,
    "age": 0.02137421522710404,
    "blood_pressure": 0.0,
    "sleep_hours": 0.0,
    "gender": 0.0,
    "smoking": 0.0,
    "heart_disease": 0.0,
    "diabetes": 0.0,
    "stroke": 0.0,
    "exercise_level": 0.0,
    "stress_level": 0.0
  }
}