{"trained_at": "2026-04-25T13:10:49.191331", "metrics": {"r2": 0.9250836651720602, "mae": 1.632492128419573}, "importances": {"age": 0.26782029811229074, "bmi": 0.11426581813471667, "blood_pressure": 0.04157491484362296, "cholesterol": 0.0021378365067043882, "glucose": 0.0025417148599653334, "sleep_hours": 0.0026762929004152647, "smoking": 0.21431327483338208, "alcohol": 0.0022197045957941634, "exercise_level": 0.014354851540576759, "stress_level": 0.0009620135791359054, "gender": 0.03585834662148188, "heart_disease": 0.1255965889542044, "diabetes": 0.10938283452082766, "stroke": 0.06629550999688168}, "n_samples": 5000}